measurement_id,device_id,vibration_x,vibration_y,vibration_z,vibration_rms,temperature,current,pressure,rpm,predicted_state,inference_timestamp
1,PUMP-001,1.52,0.93,1.06,1.91,42.6,8.15,4.24,2843,HEALTHY,2026-02-20 10:48:03
2,PUMP-001,0.89,0.81,0.9,1.66,41.7,8.24,4.23,2854,HEALTHY,2026-02-20 10:48:13
3,PUMP-001,1.36,0.82,0.98,1.67,42.3,8.31,4.15,2857,HEALTHY,2026-02-20 10:48:23
4,PUMP-001,0.95,0.82,1.08,1.69,42.5,8.15,4.19,2844,HEALTHY,2026-02-20 10:48:33
5,PUMP-001,1.42,0.68,1.06,1.66,42.7,8.27,4.23,2829,HEALTHY,2026-02-20 10:48:43
6,PUMP-001,1.44,0.66,1.09,1.63,41.3,8.22,4.18,2836,HEALTHY,2026-02-20 10:48:53
7,PUMP-001,1.46,0.76,0.95,1.65,41.5,8.27,4.17,2822,HEALTHY,2026-02-20 10:49:03
8,PUMP-001,0.82,0.9,0.92,1.84,41.1,8.07,4.22,2859,HEALTHY,2026-02-20 10:49:13
9,PUMP-001,1.37,0.88,0.97,1.89,42.1,8.12,4.19,2830,HEALTHY,2026-02-20 10:49:23
10,PUMP-001,1.72,0.77,0.97,1.84,42.6,8.35,4.23,2841,HEALTHY,2026-02-20 10:49:33
11,PUMP-001,0.78,0.76,0.98,1.62,42.3,8.08,4.19,2878,HEALTHY,2026-02-20 10:49:43
12,PUMP-001,1.03,0.9,0.99,1.87,40.9,8.45,4.19,2867,HEALTHY,2026-02-20 10:49:53
13,PUMP-001,1.27,0.68,0.93,1.77,42.4,8.4,4.15,2834,HEALTHY,2026-02-20 10:50:03
14,PUMP-001,0.72,0.74,1.08,1.74,41.8,8.41,4.17,2847,HEALTHY,2026-02-20 10:50:13
15,PUMP-001,0.97,0.8,0.98,1.63,43,8.42,4.15,2877,HEALTHY,2026-02-20 10:50:24
16,PUMP-001,1.18,0.8,1.07,1.69,40.7,8.07,4.15,2869,HEALTHY,2026-02-20 10:50:33
17,PUMP-001,1.03,0.87,1.01,1.71,41.3,8.16,4.2,2832,HEALTHY,2026-02-20 10:50:43
18,PUMP-001,1.51,0.93,1.01,1.75,43.1,8.22,4.15,2865,HEALTHY,2026-02-20 10:50:54
19,PUMP-001,0.72,0.88,0.93,1.69,41.5,8.24,6.78,2825,HEALTHY,2026-02-20 10:51:03
20,PUMP-001,13.35,0.87,1.08,11.84,41.7,8.4,4.23,2873,FAILURE,2026-02-20 10:51:14
21,PUMP-001,0.63,0.84,1.06,1.71,42.3,8.31,4.18,2827,HEALTHY,2026-02-20 10:51:24
22,PUMP-001,1.69,0.74,0.92,1.76,42.9,8.04,4.15,2832,HEALTHY,2026-02-20 10:51:34
23,PUMP-001,1.57,0.76,0.91,1.77,41.2,8.39,4.22,2830,HEALTHY,2026-02-20 10:51:44
24,PUMP-001,1.63,0.85,1.04,1.83,42.2,8.18,4.24,2856,HEALTHY,2026-02-20 10:51:54
25,PUMP-001,0.97,0.87,0.94,1.81,41.3,8.31,4.23,2826,HEALTHY,2026-02-20 10:52:04
26,PUMP-001,0.62,0.91,0.99,1.71,43.1,8.32,4.18,2854,HEALTHY,2026-02-20 10:52:14
27,PUMP-001,1.54,0.89,1.04,1.89,42.8,8.07,4.16,2822,HEALTHY,2026-02-20 10:52:24
28,PUMP-001,1.4,0.75,0.96,1.72,41.9,8.1,4.19,2828,HEALTHY,2026-02-20 10:52:34
29,PUMP-001,1.32,0.78,1.08,1.81,42.6,8.42,4.15,2859,HEALTHY,2026-02-20 10:52:44
30,PUMP-001,1.73,0.92,0.94,1.89,41.8,8.33,4.22,2868,HEALTHY,2026-02-20 10:52:54
31,PUMP-001,0.6,0.88,0.94,1.69,42.1,7.99,4.23,2841,HEALTHY,2026-02-20 10:53:04
32,PUMP-001,0.93,0.87,0.99,1.83,42.2,8.15,4.24,2835,HEALTHY,2026-02-20 10:53:14
33,PUMP-001,1.22,0.83,0.91,1.77,41.1,8.29,4.15,2823,HEALTHY,2026-02-20 10:53:24
34,PUMP-001,0.71,0.93,0.95,1.75,42.8,8.09,4.16,2844,HEALTHY,2026-02-20 10:53:34
35,PUMP-001,1.06,0.76,0.9,1.65,41.5,7.97,4.21,2841,HEALTHY,2026-02-20 10:53:44
36,PUMP-001,1.76,0.68,1.08,1.87,42.5,8.12,4.15,2853,HEALTHY,2026-02-20 10:53:54
37,PUMP-001,1.53,0.91,0.99,1.88,41,8.44,4.22,2852,HEALTHY,2026-02-20 10:54:04
38,PUMP-001,1.72,0.68,0.96,1.78,42.8,7.99,4.21,2844,HEALTHY,2026-02-20 10:54:14
39,PUMP-001,0.76,0.87,1.02,1.7,42.7,8.17,4.18,2822,HEALTHY,2026-02-20 10:54:24
40,PUMP-001,0.95,0.81,0.91,1.63,42.7,8.01,4.17,2863,HEALTHY,2026-02-20 10:54:34
41,PUMP-001,1.01,0.73,0.94,1.65,41.5,8.05,4.22,2836,HEALTHY,2026-02-20 10:54:44
42,PUMP-001,1.48,0.92,1.08,1.92,41.6,8.35,4.19,2867,HEALTHY,2026-02-20 10:54:54
43,PUMP-001,0.81,0.77,0.92,1.58,41.2,8.19,4.2,2878,HEALTHY,2026-02-20 10:55:04
44,PUMP-001,1.59,0.83,1.03,1.75,42.1,8.13,4.24,2842,HEALTHY,2026-02-20 10:55:14
45,PUMP-001,1.23,0.92,1.02,1.79,41.6,8.08,4.22,2875,HEALTHY,2026-02-20 10:55:24
46,PUMP-001,1.36,0.78,0.95,1.64,42.4,8.32,4.19,2835,HEALTHY,2026-02-20 10:55:34
47,PUMP-001,1.18,0.89,0.93,1.82,41.7,8.18,5.44,2860,HEALTHY,2026-02-20 10:55:44
48,PUMP-001,0.85,0.82,1.01,1.85,41.1,8.08,4.2,2836,HEALTHY,2026-02-20 10:55:54
49,PUMP-001,1.12,0.91,0.91,1.73,43.1,8.15,4.22,2865,HEALTHY,2026-02-20 10:56:04
50,PUMP-001,0.96,0.82,0.96,1.73,43,8.33,4.22,2830,HEALTHY,2026-02-20 10:56:14
51,PUMP-001,1,0.84,0.96,1.79,41.5,8.41,4.17,2858,HEALTHY,2026-02-20 10:56:24
52,PUMP-001,1.29,0.72,0.99,1.61,41.9,8.28,4.23,2852,HEALTHY,2026-02-20 10:56:34
53,PUMP-001,0.72,0.82,1.01,1.66,40.9,8.02,4.22,2827,HEALTHY,2026-02-20 10:56:44
54,PUMP-001,1.65,0.83,0.92,1.72,43,8.07,4.22,2842,HEALTHY,2026-02-20 10:56:54
55,PUMP-001,0.91,0.94,1.04,1.73,42.7,8.34,4.2,2874,HEALTHY,2026-02-20 10:57:04
56,PUMP-001,1.47,0.8,1,1.82,42,8.11,4.22,2854,HEALTHY,2026-02-20 10:57:14
57,PUMP-001,1.12,0.79,1.06,1.75,41.4,8.29,4.17,2871,HEALTHY,2026-02-20 10:57:25
58,PUMP-001,1.72,0.72,0.97,1.76,41.9,8.19,4.17,2875,HEALTHY,2026-02-20 10:57:34
59,PUMP-001,0.8,0.86,1.06,1.73,42.8,8.16,4.15,2820,HEALTHY,2026-02-20 10:57:44
60,PUMP-001,0.59,0.87,1,1.68,41.6,8.35,4.24,2869,HEALTHY,2026-02-20 10:57:55
61,PUMP-001,1.2,0.94,1.09,1.84,42.7,8.13,4.18,2850,HEALTHY,2026-02-20 10:58:04
62,PUMP-001,0.88,0.65,1.02,1.58,42.4,8.07,4.15,2866,HEALTHY,2026-02-20 10:58:15
63,PUMP-001,1.67,0.68,0.95,1.8,42.3,8.32,4.21,2856,HEALTHY,2026-02-20 10:58:25
64,PUMP-001,1.63,0.83,0.98,1.87,42.7,7.94,4.19,2827,HEALTHY,2026-02-20 10:58:35
65,PUMP-001,0.91,0.66,0.91,1.55,41.9,8.03,4.19,2871,HEALTHY,2026-02-20 10:58:45
66,PUMP-001,0.88,0.9,0.9,1.66,41.5,8.22,4.23,2862,HEALTHY,2026-02-20 10:58:55
67,PUMP-001,1.31,0.65,1.01,1.68,41.8,8.17,4.21,2826,HEALTHY,2026-02-20 10:59:05
68,PUMP-001,1.24,0.77,0.92,1.66,41.7,8.34,4.24,2844,HEALTHY,2026-02-20 10:59:15
69,PUMP-001,1.37,0.83,1.08,1.71,42.5,8.23,4.22,2830,HEALTHY,2026-02-20 10:59:25
70,PUMP-001,0.79,0.7,0.93,1.6,41.4,8.23,4.15,2866,HEALTHY,2026-02-20 10:59:35
71,PUMP-001,13.03,0.78,1.04,11.88,41,8.16,4.24,2872,FAILURE,2026-02-20 10:59:45
72,PUMP-001,1.16,0.78,1.02,1.89,41.8,8.19,4.18,2840,HEALTHY,2026-02-20 10:59:55
73,PUMP-001,1.31,0.66,1.02,1.79,43,8.2,4.19,2866,HEALTHY,2026-02-20 11:00:05
74,PUMP-001,1.65,0.68,1.04,1.75,42.7,8.28,4.17,2832,HEALTHY,2026-02-20 11:00:15
75,PUMP-001,1.39,0.75,0.96,1.6,41.8,8.19,4.2,2842,HEALTHY,2026-02-20 11:00:25
76,PUMP-001,1.28,0.91,1.06,1.88,42.7,8.26,4.23,2854,HEALTHY,2026-02-20 11:00:35
77,PUMP-001,0.83,0.8,0.9,1.67,42.9,11.59,4.18,2433,HEALTHY,2026-02-20 11:00:45
78,PUMP-001,0.96,0.94,0.92,1.85,42.3,8.08,4.19,2844,HEALTHY,2026-02-20 11:00:55
79,PUMP-001,0.94,0.79,0.99,1.79,41.7,8.32,4.17,2879,HEALTHY,2026-02-20 11:01:05
80,PUMP-001,1.08,0.78,0.99,1.67,42.4,8.24,4.2,2872,HEALTHY,2026-02-20 11:01:15
81,PUMP-001,1.56,0.72,0.9,1.58,40.7,8.17,4.21,2830,HEALTHY,2026-02-20 11:01:25
82,PUMP-001,13.12,0.87,1.08,11.82,42.4,8.41,4.22,2878,FAILURE,2026-02-20 11:01:35
83,PUMP-001,1.49,0.77,0.92,1.76,42.1,8.3,4.2,2824,HEALTHY,2026-02-20 11:01:45
84,PUMP-001,1.83,0.89,1.02,1.9,41.9,8.18,4.16,2840,HEALTHY,2026-02-20 11:01:55
85,PUMP-001,1.21,0.87,0.92,1.77,41.9,8.24,4.24,2828,HEALTHY,2026-02-20 11:02:05
86,PUMP-001,1.07,0.79,1.08,1.69,41.4,8.1,4.24,2849,HEALTHY,2026-02-20 11:02:15
87,PUMP-001,1.13,0.65,1.08,1.83,41.5,11.6,4.19,2468,HEALTHY,2026-02-20 11:02:25
88,PUMP-001,1.07,0.84,1.02,1.73,41.1,8.24,0.69,2853,HEALTHY,2026-02-20 11:02:35
89,PUMP-001,0.89,0.89,0.98,1.69,41.7,8.23,4.23,2865,HEALTHY,2026-02-20 11:02:45
90,PUMP-001,1.49,0.7,0.95,1.76,42.3,8.08,4.18,2826,HEALTHY,2026-02-20 11:02:55
91,PUMP-001,1.84,0.8,1.03,1.88,41.9,8.24,-1.83,2823,HEALTHY,2026-02-20 11:03:05
92,PUMP-001,1.42,0.92,1.08,1.74,42,8.12,4.19,2844,HEALTHY,2026-02-20 11:03:15
93,PUMP-001,1.48,0.69,1,1.71,41.9,8.05,4.21,2865,HEALTHY,2026-02-20 11:03:25
94,PUMP-001,13.36,0.66,1.07,11.76,41,8.34,4.15,2854,FAILURE,2026-02-20 11:03:35
95,PUMP-001,1.12,0.79,1.05,1.84,43,8.21,4.22,2855,HEALTHY,2026-02-20 11:03:45
96,PUMP-001,1.6,0.89,1.08,1.91,42.4,8.1,4.16,2875,HEALTHY,2026-02-20 11:03:55
97,PUMP-001,0.61,0.73,0.94,1.6,42.3,8.13,4.17,2860,HEALTHY,2026-02-20 11:04:05
98,PUMP-001,13.53,0.75,0.92,11.73,41.4,8.29,4.21,2840,FAILURE,2026-02-20 11:04:15
99,PUMP-001,1.68,0.71,0.94,1.76,43,8.1,4.2,2820,HEALTHY,2026-02-20 11:04:26
100,PUMP-001,1.7,0.65,1.02,1.73,43.2,8.32,4.2,2839,HEALTHY,2026-02-20 11:04:35
101,PUMP-001,1.04,0.91,0.93,1.88,41.6,8.23,4.17,2839,HEALTHY,2026-02-20 11:04:45
102,PUMP-001,1.08,0.81,1.04,1.92,41.2,8.15,4.15,2831,HEALTHY,2026-02-20 11:04:56
103,PUMP-001,1.63,0.78,0.9,1.73,42.8,8.46,4.24,2848,HEALTHY,2026-02-20 11:05:06
104,PUMP-001,1.15,0.71,1.06,1.63,42,8.21,4.18,2831,HEALTHY,2026-02-20 11:05:16
105,PUMP-001,1.59,0.77,1.06,1.72,42.7,8.35,4.2,2851,HEALTHY,2026-02-20 11:05:26
106,PUMP-001,13.13,0.91,0.97,11.87,41.8,8.28,4.22,2829,FAILURE,2026-02-20 11:05:36
107,PUMP-001,1.52,0.87,1.09,1.79,42.2,8.04,4.19,2853,HEALTHY,2026-02-20 11:05:46
108,PUMP-001,1.35,0.84,0.99,1.82,42.4,8.18,4.16,2831,HEALTHY,2026-02-20 11:05:56
109,PUMP-001,1.3,0.79,1.09,1.91,42.2,8.48,4.24,2831,HEALTHY,2026-02-20 11:06:06
110,PUMP-001,0.86,0.73,1,1.75,41.3,8.2,4.16,2857,HEALTHY,2026-02-20 11:06:16
111,PUMP-001,13.07,0.77,0.99,11.79,41.7,8.03,4.21,2867,FAILURE,2026-02-20 11:06:26
112,PUMP-001,1.28,0.89,0.95,1.84,41.3,7.99,4.15,2866,HEALTHY,2026-02-20 11:06:36
113,PUMP-001,1.29,0.69,0.93,1.58,41.9,8.35,4.16,2856,HEALTHY,2026-02-20 11:06:46
114,PUMP-001,0.75,0.93,1.08,1.79,42.2,8.4,4.17,2849,HEALTHY,2026-02-20 11:06:56
115,PUMP-001,1.17,0.66,0.95,1.59,42.1,8.13,4.15,2848,HEALTHY,2026-02-20 11:07:06
116,PUMP-001,1.48,0.77,0.93,1.72,43.2,8.19,4.21,2851,HEALTHY,2026-02-20 11:07:16
117,PUMP-001,0.99,0.69,1.02,1.71,42.6,8.2,4.17,2876,HEALTHY,2026-02-20 11:07:26
118,PUMP-001,0.9,0.73,1.08,1.77,42.1,8.07,4.23,2867,HEALTHY,2026-02-20 11:07:36
119,PUMP-001,1.21,0.78,0.94,1.62,41.7,8.3,4.24,2875,HEALTHY,2026-02-20 11:07:46
120,PUMP-001,1.49,0.67,0.9,1.73,42.5,8.05,4.2,2861,HEALTHY,2026-02-20 11:07:56
121,PUMP-001,1.3,0.73,1.01,1.63,42.5,8.24,4.21,2835,HEALTHY,2026-02-20 11:08:06
122,PUMP-001,1.31,0.7,0.91,1.55,41.8,8.39,4.23,2820,HEALTHY,2026-02-20 11:08:16
123,PUMP-001,1.58,0.8,0.91,1.84,42.7,8.22,4.19,2825,HEALTHY,2026-02-20 11:08:26
124,PUMP-001,1.53,0.67,0.91,1.69,42.3,7.92,2.35,2842,HEALTHY,2026-02-20 11:08:36
125,PUMP-001,1.81,0.86,1.07,1.95,40.8,8.21,4.23,2826,HEALTHY,2026-02-20 11:08:46
126,PUMP-001,1.14,0.73,1.09,1.86,41.8,8.17,4.17,2879,HEALTHY,2026-02-20 11:08:56
127,PUMP-001,13.12,0.66,1.06,11.74,41.3,8.08,4.24,2854,FAILURE,2026-02-20 11:09:06
128,PUMP-001,0.93,0.77,0.98,1.64,42.9,8.06,4.16,2862,HEALTHY,2026-02-20 11:09:16
129,PUMP-001,0.93,0.73,0.95,1.63,42.3,8.21,4.16,2825,HEALTHY,2026-02-20 11:09:26
130,PUMP-001,1.41,0.74,1.01,1.7,42.6,8.27,4.21,2824,HEALTHY,2026-02-20 11:09:36
131,PUMP-001,1.75,0.91,1.05,1.94,41.1,8.33,4.16,2832,HEALTHY,2026-02-20 11:09:46
132,PUMP-001,1.48,0.65,1.06,1.73,41.8,8.14,4.19,2871,HEALTHY,2026-02-20 11:09:56
133,PUMP-001,1.57,0.81,0.94,1.79,41.5,8.36,4.16,2839,HEALTHY,2026-02-20 11:10:06
134,PUMP-001,1.55,0.75,0.94,1.82,42.6,8.2,4.16,2825,HEALTHY,2026-02-20 11:10:16
135,PUMP-001,1.66,0.88,1.06,1.89,41,8.34,4.17,2846,HEALTHY,2026-02-20 11:10:26
136,PUMP-001,0.92,0.79,0.98,1.85,41.3,8.14,4.17,2872,HEALTHY,2026-02-20 11:10:36
137,PUMP-001,1.19,0.7,1.07,1.8,42.1,8.26,4.21,2842,HEALTHY,2026-02-20 11:10:46
138,PUMP-001,0.53,0.82,1.03,1.66,42.8,8.25,4.21,2832,HEALTHY,2026-02-20 11:10:57
139,PUMP-001,1.15,0.91,1.08,1.74,42.2,8.09,4.17,2832,HEALTHY,2026-02-20 11:11:06
140,PUMP-001,0.98,0.7,1.03,1.85,42.3,11.84,4.15,2461,HEALTHY,2026-02-20 11:11:16
141,PUMP-001,1.5,0.71,1.05,1.64,42.8,11.54,4.19,2472,HEALTHY,2026-02-20 11:11:27
142,PUMP-001,1.14,0.93,0.9,1.75,42.6,8.27,4.23,2825,HEALTHY,2026-02-20 11:11:36
143,PUMP-001,0.9,0.65,0.98,1.71,42.4,8.13,4.16,2852,HEALTHY,2026-02-20 11:11:46
144,PUMP-001,0.84,0.67,0.97,1.64,41.4,8.33,4.2,2826,HEALTHY,2026-02-20 11:11:57
145,PUMP-001,1.28,0.93,0.96,1.91,42.3,8.23,4.24,2860,HEALTHY,2026-02-20 11:12:06
146,PUMP-001,1.36,0.73,1.04,1.74,41.4,8.14,4.24,2868,HEALTHY,2026-02-20 11:12:17
147,PUMP-001,0.83,0.8,0.9,1.76,42.9,8.09,4.2,2877,HEALTHY,2026-02-20 11:12:27
148,PUMP-001,13.44,0.65,0.95,11.68,42.7,8.28,4.2,2868,FAILURE,2026-02-20 11:12:37
149,PUMP-001,12.68,0.78,0.97,11.71,42.2,8.05,4.2,2873,FAILURE,2026-02-20 11:12:47
150,PUMP-001,0.81,0.67,0.91,1.63,41.5,7.98,4.24,2844,HEALTHY,2026-02-20 11:12:57
151,PUMP-001,0.9,0.87,1.06,1.95,40.9,8.26,5.28,2868,HEALTHY,2026-02-20 11:13:07
152,PUMP-001,1.04,0.88,0.95,1.67,41.5,8.39,4.17,2864,HEALTHY,2026-02-20 11:13:17
153,PUMP-001,1.4,0.67,1,1.62,42.1,8.28,4.18,2846,HEALTHY,2026-02-20 11:13:27
154,PUMP-001,1.16,0.84,1.03,1.71,42.3,8.36,4.24,2820,HEALTHY,2026-02-20 11:13:37
155,PUMP-001,1.61,0.76,1.05,1.84,42.4,8.43,4.24,2875,HEALTHY,2026-02-20 11:13:47
156,PUMP-001,0.82,0.76,0.98,1.63,41.2,8.4,4.24,2854,HEALTHY,2026-02-20 11:13:58
157,PUMP-001,0.84,0.78,0.92,1.59,42.6,8.21,4.15,2860,HEALTHY,2026-02-20 11:14:07
158,PUMP-001,1.08,0.81,0.97,1.85,41.6,8.23,4.19,2847,HEALTHY,2026-02-20 11:14:17
159,PUMP-001,0.87,0.89,0.93,1.8,41.2,7.97,4.15,2840,HEALTHY,2026-02-20 11:14:27
160,PUMP-001,0.9,0.73,0.97,1.77,42,8.26,1.41,2879,HEALTHY,2026-02-20 11:14:37
161,PUMP-001,1.06,0.78,0.9,1.75,42.7,8.29,4.21,2873,HEALTHY,2026-02-20 11:14:47
162,PUMP-001,0.58,0.81,1.09,1.69,40.9,8.17,4.15,2835,HEALTHY,2026-02-20 11:14:57
163,PUMP-001,13.3,0.87,1.06,11.84,41.9,8.29,4.17,2854,FAILURE,2026-02-20 11:15:07
165,PUMP-001,1.05,0.67,1,1.71,41.2,8.29,4.15,2838,HEALTHY,2026-02-20 11:15:32
166,PUMP-001,1.16,0.78,0.92,1.72,42.3,8.33,4.16,2837,HEALTHY,2026-02-20 11:15:42
167,PUMP-001,1.27,0.87,1.02,1.73,41.4,8.19,4.21,2874,HEALTHY,2026-02-20 11:15:52
168,PUMP-001,1.05,0.83,1.07,1.82,42.8,8.36,4.22,2838,HEALTHY,2026-02-20 11:16:02
169,PUMP-001,1.65,0.71,1,1.79,42.8,8.28,4.24,2847,HEALTHY,2026-02-20 11:16:12
170,PUMP-001,1.21,0.71,1.09,1.82,41.2,8.35,4.19,2868,HEALTHY,2026-02-20 11:16:22
171,PUMP-001,13.49,0.79,0.94,11.6,42.1,8.04,4.2,2834,FAILURE,2026-02-20 11:16:32
172,PUMP-001,0.79,0.72,0.96,1.76,41.3,8.06,4.23,2825,HEALTHY,2026-02-20 11:16:42
173,PUMP-001,1.13,0.82,0.9,1.63,42.1,8.31,4.16,2862,HEALTHY,2026-02-20 11:16:52
174,PUMP-001,0.97,0.65,1.03,1.66,40.7,8.37,4.21,2835,HEALTHY,2026-02-20 11:17:02
175,PUMP-001,0.93,0.72,0.92,1.7,41.6,8.23,4.18,2832,HEALTHY,2026-02-20 11:17:12
176,PUMP-001,1.07,0.67,1.05,1.6,42.6,8.04,4.16,2879,HEALTHY,2026-02-20 11:17:22
177,PUMP-001,1.37,0.65,0.97,1.68,43.1,8.22,4.24,2826,HEALTHY,2026-02-20 11:17:32
178,PUMP-001,13.01,0.71,1,11.7,41.1,8.18,4.2,2845,FAILURE,2026-02-20 11:17:42
179,PUMP-001,1.07,0.76,0.91,1.64,41.6,8.04,4.18,2836,HEALTHY,2026-02-20 11:17:53
180,PUMP-001,1.46,0.89,0.94,1.65,42.7,8.26,4.17,2836,HEALTHY,2026-02-20 11:18:03
181,PUMP-001,1.18,0.71,1.07,1.63,41.9,8.15,4.2,2871,HEALTHY,2026-02-20 11:18:13
182,PUMP-001,1,0.9,0.91,1.75,42.7,8.08,4.22,2828,HEALTHY,2026-02-20 11:18:23
183,PUMP-001,0.81,0.87,1.05,1.84,41.2,8.21,4.15,2871,HEALTHY,2026-02-20 11:18:33
184,PUMP-001,1.55,0.85,0.94,1.84,42.6,7.95,4.22,2824,HEALTHY,2026-02-20 11:18:43
185,PUMP-001,1.07,0.72,1.08,1.74,41.7,8.16,4.19,2830,HEALTHY,2026-02-20 11:18:53
186,PUMP-001,1.63,0.68,0.9,1.75,41.1,8.4,4.22,2827,HEALTHY,2026-02-20 11:19:03
187,PUMP-001,1.06,0.92,0.93,1.82,42.6,8.33,4.16,2876,HEALTHY,2026-02-20 11:19:13
188,PUMP-001,13.42,0.91,1.05,11.91,42.4,11.84,4.42,2440,FAILURE,2026-02-20 11:19:23
189,PUMP-001,1.26,0.74,0.97,1.82,42.2,8.35,4.16,2857,HEALTHY,2026-02-20 11:19:33
190,PUMP-001,0.94,0.78,1.01,1.66,40.9,8.32,4.22,2878,HEALTHY,2026-02-20 11:19:43
191,PUMP-001,0.62,0.78,1.05,1.68,41.9,8.33,4.21,2870,HEALTHY,2026-02-20 11:19:53
192,PUMP-001,1.03,0.94,1.03,1.83,42.1,8.08,4.14,2856,HEALTHY,2026-02-20 11:20:03
193,PUMP-001,0.86,0.68,1.03,1.69,42.3,8.27,4.14,2851,HEALTHY,2026-02-20 11:20:13
194,PUMP-001,1.73,0.94,1.03,1.89,41.8,8.06,4.17,2829,HEALTHY,2026-02-20 11:20:23
195,PUMP-001,1.14,0.75,0.91,1.7,42.2,8.15,4.23,2841,HEALTHY,2026-02-20 11:20:33
196,PUMP-001,1.32,0.89,1.06,1.74,43.2,8.1,4.21,2833,HEALTHY,2026-02-20 11:20:43
197,PUMP-001,0.68,0.8,0.91,1.66,41.2,8.08,4.18,2848,HEALTHY,2026-02-20 11:20:53
198,PUMP-001,1.59,0.94,1.08,1.82,41.3,8.19,4.23,2823,HEALTHY,2026-02-20 11:21:03
199,PUMP-001,0.77,0.78,1.04,1.64,42.4,8.25,4.23,2840,HEALTHY,2026-02-20 11:21:13
200,PUMP-001,13.16,0.67,0.97,11.81,42.4,8.11,4.18,2827,FAILURE,2026-02-20 11:21:24
201,PUMP-001,1.02,0.66,0.96,1.59,42.5,8.34,4.2,2825,HEALTHY,2026-02-20 11:21:33
202,PUMP-001,0.83,0.78,1.01,1.66,41.3,8.33,4.16,2854,HEALTHY,2026-02-20 11:21:43
203,PUMP-001,1.29,0.88,1.09,1.85,42.2,8.44,-0.31,2840,HEALTHY,2026-02-20 11:21:53
204,PUMP-001,1.73,0.79,1.02,1.81,43.4,8.35,4.19,2873,HEALTHY,2026-02-20 11:22:03
205,PUMP-001,0.73,0.89,1.03,1.7,42.7,8.23,4.19,2849,HEALTHY,2026-02-20 11:22:13
206,PUMP-001,13.82,0.86,1.05,11.93,42.4,8.34,4.15,2861,FAILURE,2026-02-20 11:22:23
207,PUMP-001,1.34,0.8,0.92,1.66,41,8.18,4.15,2828,HEALTHY,2026-02-20 11:22:33
208,PUMP-001,1.43,0.94,1.01,1.73,41.5,8.38,4.19,2846,HEALTHY,2026-02-20 11:22:43
209,PUMP-001,0.91,0.85,1.05,1.81,42.2,8.26,4.15,2835,HEALTHY,2026-02-20 11:22:53
210,PUMP-001,1.59,0.76,0.99,1.66,42.6,8.23,4.19,2854,HEALTHY,2026-02-20 11:23:03
211,PUMP-001,1.47,0.73,1.09,1.83,41.5,8.08,1.01,2828,HEALTHY,2026-02-20 11:23:13
212,PUMP-001,1.47,0.67,1.01,1.7,42.2,8.22,4.16,2854,HEALTHY,2026-02-20 11:23:23
213,PUMP-001,0.88,0.87,1.03,1.73,43,8.05,4.14,2821,HEALTHY,2026-02-20 11:23:33
214,PUMP-001,1.2,0.8,0.96,1.79,42.4,8.07,4.35,2846,HEALTHY,2026-02-20 11:23:43
215,PUMP-001,1.27,0.81,1.05,1.91,42.4,8.37,4.2,2824,HEALTHY,2026-02-20 11:23:53
216,PUMP-001,1.4,0.77,0.94,1.82,40.9,8.38,4.15,2852,HEALTHY,2026-02-20 11:24:03
217,PUMP-001,1.53,0.78,1.06,1.79,41.7,8.16,4.21,2828,HEALTHY,2026-02-20 11:24:13
218,PUMP-001,0.94,0.7,0.93,1.72,43.3,8.12,4.17,2874,HEALTHY,2026-02-20 11:24:23
219,PUMP-001,0.99,0.78,1.03,1.87,42.5,8.44,4.17,2871,HEALTHY,2026-02-20 11:24:33
220,PUMP-001,1.37,0.93,1.01,1.94,41.3,8.2,4.23,2856,HEALTHY,2026-02-20 11:24:43
221,PUMP-001,1.02,0.68,0.9,1.6,41.8,8.35,4.16,2828,HEALTHY,2026-02-20 11:24:55
222,PUMP-001,1.01,0.94,0.95,1.8,40.9,8.47,4.22,2826,HEALTHY,2026-02-20 11:25:03
223,PUMP-001,0.94,0.66,1,1.77,41.6,8.15,1.94,2852,HEALTHY,2026-02-20 11:25:13
224,PUMP-001,1.43,0.74,0.92,1.68,41.1,8.27,4.15,2824,HEALTHY,2026-02-20 11:25:24
225,PUMP-001,1.7,0.88,1.02,1.83,40.9,8.39,4.15,2849,HEALTHY,2026-02-20 11:25:34
226,PUMP-001,1.55,0.9,0.93,1.77,41.2,8.22,4.2,2827,HEALTHY,2026-02-20 11:25:44
227,PUMP-001,0.85,0.8,1.07,1.87,42.1,8.26,4.19,2863,HEALTHY,2026-02-20 11:25:54
228,PUMP-001,1.26,0.87,0.97,1.78,42,8.14,4.18,2829,HEALTHY,2026-02-20 11:26:04
229,PUMP-001,1.36,0.87,1,1.71,42.4,8.2,4.2,2850,HEALTHY,2026-02-20 11:26:14
230,PUMP-001,12.91,0.75,0.96,11.62,42,8.34,4.21,2842,FAILURE,2026-02-20 11:26:24
231,PUMP-001,0.6,0.68,0.99,1.58,43,8.05,4.14,2864,HEALTHY,2026-02-20 11:26:34
232,PUMP-001,1.44,0.71,1.06,1.84,42.5,8.12,4.23,2878,HEALTHY,2026-02-20 11:26:44
233,PUMP-001,1.1,0.93,0.94,1.79,42.1,8.15,4.21,2841,HEALTHY,2026-02-20 11:26:54
234,PUMP-001,0.91,0.69,0.95,1.7,42.9,8.33,4.22,2863,HEALTHY,2026-02-20 11:27:04
235,PUMP-001,1.03,0.71,1.02,1.77,41.3,8.16,0.45,2871,HEALTHY,2026-02-20 11:27:14
236,PUMP-001,13.6,0.69,0.93,11.63,42,8.23,4.22,2851,FAILURE,2026-02-20 11:27:24
237,PUMP-001,1.04,0.69,1.07,1.71,42.5,8.09,4.17,2830,HEALTHY,2026-02-20 11:27:34
238,PUMP-001,0.63,0.91,0.94,1.7,42.8,7.99,4.16,2837,HEALTHY,2026-02-20 11:27:44
239,PUMP-001,1.58,0.91,0.93,1.71,42.8,8.13,4.23,2847,HEALTHY,2026-02-20 11:27:54
240,PUMP-001,1.49,0.88,1.02,1.76,41.2,8,4.17,2874,HEALTHY,2026-02-20 11:28:04
241,PUMP-001,0.87,0.84,0.91,1.64,41.1,8.25,4.2,2829,HEALTHY,2026-02-20 11:28:14
242,PUMP-001,1.04,0.68,1.08,1.82,42.5,8.18,4.15,2840,HEALTHY,2026-02-20 11:28:24
243,PUMP-001,1.57,0.87,0.99,1.82,42.4,8.1,4.22,2851,HEALTHY,2026-02-20 11:28:34
244,PUMP-001,0.83,0.68,0.96,1.66,42.7,8.19,4.23,2832,HEALTHY,2026-02-20 11:28:44
245,PUMP-001,1.26,0.74,0.95,1.59,41.7,8.44,4.23,2836,HEALTHY,2026-02-20 11:28:54
246,PUMP-001,0.87,0.71,0.95,1.67,40.7,8.2,4.19,2845,HEALTHY,2026-02-20 11:29:04
247,PUMP-001,1.32,0.94,0.93,1.79,42.1,8.35,4.17,2863,HEALTHY,2026-02-20 11:29:14
248,PUMP-001,12.94,0.7,1.06,11.74,41.4,8.37,4.2,2867,FAILURE,2026-02-20 11:29:24
249,PUMP-001,0.75,0.84,0.91,1.75,42.7,8.35,4.14,2820,HEALTHY,2026-02-20 11:29:34
250,PUMP-001,1.19,0.79,1.01,1.78,41.5,8.19,5.59,2820,HEALTHY,2026-02-20 11:29:44
251,PUMP-001,0.91,0.79,1.03,1.76,42.8,8.05,4.22,2864,HEALTHY,2026-02-20 11:29:54
252,PUMP-001,1.41,0.93,1.04,1.88,43.1,8.39,4.16,2846,HEALTHY,2026-02-20 11:30:04
253,PUMP-001,12.91,0.67,1.06,11.87,41.7,8.1,4.22,2862,FAILURE,2026-02-20 11:30:14
254,PUMP-001,1.13,0.83,0.93,1.62,41.7,8.15,4.16,2844,HEALTHY,2026-02-20 11:30:24
255,PUMP-001,12.91,0.9,1.05,11.73,43,8.49,4.16,2850,FAILURE,2026-02-20 11:30:34
256,PUMP-001,0.82,0.94,1.06,1.74,41.5,8.22,4.23,2844,HEALTHY,2026-02-20 11:30:44
257,PUMP-001,1.33,0.77,0.94,1.63,42.5,8.35,4.15,2831,HEALTHY,2026-02-20 11:30:54
258,PUMP-001,0.93,0.73,1.04,1.76,42.2,8.17,4.22,2839,HEALTHY,2026-02-20 11:31:04
259,PUMP-001,1.67,0.87,0.95,1.82,41.6,8.31,4.17,2831,HEALTHY,2026-02-20 11:31:14
260,PUMP-001,1.2,0.67,1.02,1.64,41.2,8.31,4.17,2862,HEALTHY,2026-02-20 11:31:25
261,PUMP-001,1.31,0.67,0.95,1.73,42.3,8.16,4.18,2846,HEALTHY,2026-02-20 11:31:34
262,PUMP-001,1.41,0.65,1.07,1.76,43.3,8.25,4.22,2871,HEALTHY,2026-02-20 11:31:44
263,PUMP-001,1.46,0.82,0.98,1.85,41.4,8.23,4.14,2870,HEALTHY,2026-02-20 11:31:55
264,PUMP-001,0.64,0.91,0.96,1.68,41.7,8.08,4.21,2866,HEALTHY,2026-02-20 11:32:04
265,PUMP-001,0.86,0.9,0.93,1.76,42,8.09,4.18,2850,HEALTHY,2026-02-20 11:32:14
266,PUMP-001,1.18,0.68,0.93,1.77,40.7,8.16,4.18,2879,HEALTHY,2026-02-20 11:32:25
267,PUMP-001,1.52,0.82,0.93,1.63,41.3,8.43,4.15,2835,HEALTHY,2026-02-20 11:32:35
268,PUMP-001,1.22,0.86,1,1.92,42.9,7.97,4.16,2879,HEALTHY,2026-02-20 11:32:45
269,PUMP-001,0.74,0.66,0.99,1.64,41.7,8.25,4.18,2861,HEALTHY,2026-02-20 11:32:55
270,PUMP-001,0.96,0.89,0.94,1.8,40.9,8.48,4.21,2839,HEALTHY,2026-02-20 11:33:05
271,PUMP-001,1.28,0.66,0.91,1.7,41.3,8.3,4.17,2831,HEALTHY,2026-02-20 11:33:15
272,PUMP-001,13.58,0.66,0.98,11.8,41.9,8.22,4.16,2855,FAILURE,2026-02-20 11:33:25
273,PUMP-001,1.38,0.76,1.01,1.81,43.2,7.95,4.14,2862,HEALTHY,2026-02-20 11:33:35
274,PUMP-001,1.66,0.92,1.08,1.85,42.4,8.35,4.15,2861,HEALTHY,2026-02-20 11:33:45
275,PUMP-001,1.49,0.67,0.97,1.69,41.8,8.33,4.19,2834,HEALTHY,2026-02-20 11:33:55
276,PUMP-001,1.25,0.65,1.02,1.64,42.7,8.25,4.22,2851,HEALTHY,2026-02-20 11:34:05
277,PUMP-001,1.22,0.66,1.08,1.61,41.1,8.23,4.23,2853,HEALTHY,2026-02-20 11:34:15
278,PUMP-001,1.18,0.74,1.01,1.79,42.8,8.22,4.16,2852,HEALTHY,2026-02-20 11:34:25
279,PUMP-001,1.61,0.73,1.04,1.88,42,8.23,4.16,2864,HEALTHY,2026-02-20 11:34:35
280,PUMP-001,0.85,0.87,1.07,1.71,42.4,8.4,4.18,2841,HEALTHY,2026-02-20 11:34:45
281,PUMP-001,0.81,0.92,1,1.75,41.8,8.12,4.16,2849,HEALTHY,2026-02-20 11:34:55
282,PUMP-001,0.94,0.91,1.06,1.83,41.8,8.09,4.16,2835,HEALTHY,2026-02-20 11:35:05
283,PUMP-001,0.8,0.75,1.08,1.85,41.5,8.19,4.21,2856,HEALTHY,2026-02-20 11:35:15
284,PUMP-001,1.18,0.88,0.92,1.81,43.1,8.2,4.18,2870,HEALTHY,2026-02-20 11:35:25
285,PUMP-001,1.42,0.71,1,1.86,41.8,8.2,4.19,2831,HEALTHY,2026-02-20 11:35:35
286,PUMP-001,0.8,0.88,0.94,1.7,41.4,8.26,4.14,2866,HEALTHY,2026-02-20 11:35:45
287,PUMP-001,13.62,0.9,0.92,11.85,41.4,8.08,4.15,2823,FAILURE,2026-02-20 11:35:55
288,PUMP-001,1.47,0.77,0.97,1.8,42.7,8.21,4.14,2875,HEALTHY,2026-02-20 11:36:05
289,PUMP-001,0.95,0.75,1.04,1.85,41.6,8.23,4.2,2868,HEALTHY,2026-02-20 11:36:15
290,PUMP-001,1.6,0.75,0.92,1.65,41.2,8.34,4.18,2825,HEALTHY,2026-02-20 11:36:25
291,PUMP-001,1.25,0.9,0.93,1.84,41.2,8.49,4.23,2831,HEALTHY,2026-02-20 11:36:35
292,PUMP-001,1.86,0.72,1.09,1.89,42.8,11.73,4.17,2457,HEALTHY,2026-02-20 11:36:45
293,PUMP-001,1.03,0.66,1.02,1.72,42.2,8.4,4.2,2852,HEALTHY,2026-02-20 11:36:55
294,PUMP-001,0.73,0.92,0.94,1.76,42.2,8.08,4.22,2841,HEALTHY,2026-02-20 11:37:05
295,PUMP-001,1.2,0.8,0.98,1.73,56.9,8.45,4.23,2852,HEALTHY,2026-02-20 11:37:15
296,PUMP-001,1.04,0.81,1.08,1.74,57.2,8.29,4.18,2852,HEALTHY,2026-02-20 11:37:25
297,PUMP-001,0.76,0.69,0.95,1.65,57.5,8.26,4.19,2866,HEALTHY,2026-02-20 11:37:35
298,PUMP-001,1.86,0.79,0.97,1.86,57.6,8.31,4.22,2854,HEALTHY,2026-02-20 11:37:45
299,PUMP-001,12.94,0.93,1.04,11.83,58.4,8.22,4.19,2831,FAILURE,2026-02-20 11:37:55
300,PUMP-001,1.1,0.77,0.99,1.72,57.4,8.14,-0.4,2820,HEALTHY,2026-02-20 11:38:05
301,PUMP-001,1.36,0.72,0.9,1.67,56.7,8.12,4.21,2849,HEALTHY,2026-02-20 11:38:15
302,PUMP-001,0.92,0.81,1.01,1.67,58.3,8.3,4.15,2868,HEALTHY,2026-02-20 11:38:25
303,PUMP-001,1.17,0.66,1.03,1.74,58,8,4.19,2869,HEALTHY,2026-02-20 11:38:35
304,PUMP-001,13.24,0.67,1.02,11.79,58.3,8.25,4.2,2878,FAILURE,2026-02-20 11:38:45
305,PUMP-001,1.21,0.7,0.91,1.55,57.2,8.16,4.2,2849,HEALTHY,2026-02-20 11:38:56
306,PUMP-001,1.35,0.91,0.94,1.78,56.3,8.08,4.16,2826,HEALTHY,2026-02-20 11:39:05
307,PUMP-001,0.97,0.79,0.93,1.85,57.4,8.3,4.21,2826,HEALTHY,2026-02-20 11:39:15
308,PUMP-001,1.53,0.78,1.08,1.84,57.8,8.43,4.22,2824,HEALTHY,2026-02-20 11:39:26
309,PUMP-001,1.23,0.87,0.99,1.68,57.3,8.43,4.21,2865,HEALTHY,2026-02-20 11:39:36
310,PUMP-001,1.58,0.88,1.01,1.83,56.3,8.22,4.21,2852,HEALTHY,2026-02-20 11:39:46
311,PUMP-001,0.63,0.89,1.03,1.7,57.4,8.26,4.23,2841,HEALTHY,2026-02-20 11:39:56
312,PUMP-001,1.47,0.83,0.92,1.78,57.3,8.12,4.18,2845,HEALTHY,2026-02-20 11:40:06
313,PUMP-001,1.17,0.93,1.05,1.74,57.2,8.32,4.2,2828,HEALTHY,2026-02-20 11:40:16
314,PUMP-001,1.25,0.92,1.01,1.88,56.7,8.42,4.15,2844,HEALTHY,2026-02-20 11:40:26
315,PUMP-001,0.64,0.82,0.91,1.68,58,8.31,4.21,2876,HEALTHY,2026-02-20 11:40:36
316,PUMP-001,0.72,0.81,0.96,1.71,57,8.12,4.16,2824,HEALTHY,2026-02-20 11:40:46
317,PUMP-001,0.99,0.65,0.92,1.78,57.1,8.3,4.14,2865,HEALTHY,2026-02-20 11:40:56
318,PUMP-001,1.69,0.65,0.99,1.8,56.9,8.03,2.59,2826,HEALTHY,2026-02-20 11:41:06
319,PUMP-001,12.98,0.87,1.01,11.81,58.1,8.06,4.17,2829,FAILURE,2026-02-20 11:41:16
320,PUMP-001,0.75,0.77,1.08,1.77,56.9,8.08,4.2,2821,HEALTHY,2026-02-20 11:41:26
321,PUMP-001,13.2,0.72,1.09,11.75,58.1,8.19,4.16,2826,FAILURE,2026-02-20 11:41:36
322,PUMP-001,1.43,0.89,0.93,1.65,56.8,8.26,4.23,2863,HEALTHY,2026-02-20 11:41:46
323,PUMP-001,1.33,0.93,1.03,1.97,57.9,8.11,4.19,2875,HEALTHY,2026-02-20 11:41:56
324,PUMP-001,13.53,0.92,0.91,11.7,57.2,8.15,4.19,2856,FAILURE,2026-02-20 11:42:06
325,PUMP-001,1.66,0.65,0.93,1.75,56.2,8.17,4.19,2834,HEALTHY,2026-02-20 11:42:16
326,PUMP-001,1.48,0.92,0.91,1.71,55.9,8.36,4.14,2846,HEALTHY,2026-02-20 11:42:26
327,PUMP-001,1.01,0.69,1.02,1.64,57.5,8.34,4.18,2879,HEALTHY,2026-02-20 11:42:36
328,PUMP-001,1.33,0.66,0.93,1.67,58,8.05,4.15,2833,HEALTHY,2026-02-20 11:42:47
329,PUMP-001,1.75,0.85,1,1.85,58,8.34,4.2,2851,HEALTHY,2026-02-20 11:42:56
330,PUMP-001,1.33,0.84,1.02,1.77,58.2,8.27,4.2,2836,HEALTHY,2026-02-20 11:43:06
331,PUMP-001,1.52,0.72,0.98,1.62,57,8.34,4.17,2864,HEALTHY,2026-02-20 11:43:16
332,PUMP-001,1.08,0.88,0.97,1.68,58.1,8.32,4.18,2838,HEALTHY,2026-02-20 11:43:26
333,PUMP-001,0.92,0.85,0.99,1.7,56,8.04,4.19,2869,HEALTHY,2026-02-20 11:43:36
334,PUMP-001,1.37,0.89,0.94,1.67,57.4,8.38,4.2,2846,HEALTHY,2026-02-20 11:43:46
335,PUMP-001,0.9,0.8,1.06,1.85,58.4,8.09,4.19,2859,HEALTHY,2026-02-20 11:43:56
336,PUMP-001,1.39,0.87,0.97,1.66,56.6,8.18,4.2,2829,HEALTHY,2026-02-20 11:44:06
337,PUMP-001,0.81,0.74,0.94,1.72,57.3,8.24,4.2,2871,HEALTHY,2026-02-20 11:44:16
338,PUMP-001,1.09,0.83,0.97,1.69,57.8,8.23,4.17,2827,HEALTHY,2026-02-20 11:44:26
339,PUMP-001,1.09,0.94,1.08,1.77,57.9,8.34,4.16,2834,HEALTHY,2026-02-20 11:44:36
340,PUMP-001,1.52,0.82,0.98,1.66,57.6,8.31,4.14,2853,HEALTHY,2026-02-20 11:44:46
341,PUMP-001,13.18,0.9,1.05,11.8,57.9,8.13,4.15,2833,FAILURE,2026-02-20 11:44:56
342,PUMP-001,1.01,0.94,0.97,1.82,57.9,8.44,4.19,2838,HEALTHY,2026-02-20 11:45:06
343,PUMP-001,0.96,0.76,0.98,1.75,57,8.23,4.23,2841,HEALTHY,2026-02-20 11:45:16
344,PUMP-001,1.12,0.66,1.03,1.6,57.1,8.23,3.79,2857,HEALTHY,2026-02-20 11:45:26
345,PUMP-001,0.59,0.94,1.04,1.76,57.5,8.16,4.22,2838,HEALTHY,2026-02-20 11:45:36
346,PUMP-001,1.48,0.69,1.09,1.69,55.9,8.29,4.17,2836,HEALTHY,2026-02-20 11:45:46
347,PUMP-001,12.93,0.79,0.92,11.61,57.9,8.14,4.15,2840,FAILURE,2026-02-20 11:45:57
348,PUMP-001,0.82,0.83,0.91,1.73,55.9,8.19,4.21,2869,HEALTHY,2026-02-20 11:46:06
349,PUMP-001,0.82,0.94,0.92,1.85,57.4,8.42,4.18,2861,HEALTHY,2026-02-20 11:46:16
350,PUMP-001,12.79,0.81,1.06,11.82,57.4,7.99,5.13,2838,FAILURE,2026-02-20 11:46:27
351,PUMP-001,0.89,0.69,1.03,1.71,57.2,11.73,4.17,2433,HEALTHY,2026-02-20 11:46:37
352,PUMP-001,1.11,0.76,0.97,1.66,56.3,8.45,4.17,2821,HEALTHY,2026-02-20 11:46:47
353,PUMP-001,0.68,0.88,1,1.71,56.2,8.01,4.17,2858,HEALTHY,2026-02-20 11:46:57
354,PUMP-001,0.89,0.66,1.03,1.83,58.3,8.26,4.23,2870,HEALTHY,2026-02-20 11:47:07
355,PUMP-001,1.19,0.68,1.07,1.62,57.8,8.26,4.16,2861,HEALTHY,2026-02-20 11:47:17
356,PUMP-001,1.71,0.87,0.93,1.87,57.1,8.27,4.19,2852,HEALTHY,2026-02-20 11:47:27
357,PUMP-001,1.17,0.77,0.96,1.66,57.6,8.39,4.22,2831,HEALTHY,2026-02-20 11:47:37
358,PUMP-001,1.07,0.83,0.97,1.72,56.6,8.15,4.16,2861,HEALTHY,2026-02-20 11:47:47
359,PUMP-001,1.36,0.71,1.06,1.62,56.2,8.34,4.23,2873,HEALTHY,2026-02-20 11:47:57
360,PUMP-001,0.8,0.87,1.05,1.69,55.9,8.43,4.15,2856,HEALTHY,2026-02-20 11:48:07
361,PUMP-001,12.93,0.93,1.06,11.88,56.2,8.23,4.16,2827,FAILURE,2026-02-20 11:48:17
362,PUMP-001,0.89,0.82,1.08,1.77,56.5,8.19,4.19,2878,HEALTHY,2026-02-20 11:48:27
363,PUMP-001,1.38,0.66,1.06,1.78,56.6,8.35,4.23,2861,HEALTHY,2026-02-20 11:48:38
364,PUMP-001,13.45,0.68,0.94,11.61,57.8,7.98,4.19,2875,FAILURE,2026-02-20 11:48:47
365,PUMP-001,0.72,0.93,0.91,1.79,56.8,8.08,4.2,2849,HEALTHY,2026-02-20 11:48:57
366,PUMP-001,1.45,0.9,1.05,1.85,57,8.09,4.2,2863,HEALTHY,2026-02-20 11:49:07
367,PUMP-001,1.44,0.83,0.91,1.8,57.6,8.14,4.22,2876,HEALTHY,2026-02-20 11:49:17
368,PUMP-001,13.03,0.67,0.91,11.59,58.3,8.31,4.2,2851,FAILURE,2026-02-20 11:49:27
369,PUMP-001,0.98,0.77,0.98,1.83,42.5,8.28,4.2,2851,HEALTHY,2026-02-20 11:49:37
370,PUMP-001,1.49,0.9,0.9,1.65,42.1,8.08,4.19,2855,HEALTHY,2026-02-20 11:49:47
371,PUMP-001,1.67,0.85,0.9,1.73,42.1,8.42,4.21,2872,HEALTHY,2026-02-20 11:49:57
372,PUMP-001,1.07,0.94,0.93,1.81,43.2,8.05,4.14,2838,HEALTHY,2026-02-20 11:50:07
373,PUMP-001,0.93,0.87,0.98,1.77,41.4,8.33,4.2,2850,HEALTHY,2026-02-20 11:50:17
374,PUMP-001,1.42,0.92,0.94,1.72,43.3,8.03,4.17,2845,HEALTHY,2026-02-20 11:50:27
375,PUMP-001,1.39,0.66,1.09,1.67,41.8,8.51,4.79,2842,HEALTHY,2026-02-20 11:50:37
376,PUMP-001,13.56,0.71,0.96,11.74,41.8,8.33,4.19,2842,FAILURE,2026-02-20 11:50:47
377,PUMP-001,1,0.89,1.06,1.71,42.6,8.15,4.15,2865,HEALTHY,2026-02-20 11:50:57
378,PUMP-001,1.72,0.89,1.01,1.85,42,8.15,4.21,2869,HEALTHY,2026-02-20 11:51:07
379,PUMP-001,1.44,0.67,1.04,1.65,43.5,8.16,2.33,2878,HEALTHY,2026-02-20 11:51:17
380,PUMP-001,1.3,0.93,1.08,1.9,41.6,8.2,4.18,2828,HEALTHY,2026-02-20 11:51:27
381,PUMP-001,1.73,0.91,1.09,1.91,42.2,8.28,4.22,2823,HEALTHY,2026-02-20 11:51:37
382,PUMP-001,1.58,0.85,0.93,1.78,41.6,8.07,4.16,2861,HEALTHY,2026-02-20 11:51:47
383,PUMP-001,1.36,0.7,1.07,1.68,41.4,8.39,4.18,2828,HEALTHY,2026-02-20 11:51:57
384,PUMP-001,0.88,0.84,0.9,1.71,42.1,8.07,4.18,2833,HEALTHY,2026-02-20 11:52:07
385,PUMP-001,0.99,0.85,1.08,1.87,43.1,8.15,4.16,2859,HEALTHY,2026-02-20 11:52:17
386,PUMP-001,12.79,0.9,1.08,11.91,42.4,8.21,4.15,2847,FAILURE,2026-02-20 11:52:27
387,PUMP-001,1.42,0.8,0.99,1.74,43.4,8.02,4.2,2855,HEALTHY,2026-02-20 11:52:37
388,PUMP-001,1.01,0.74,0.98,1.81,42.7,8.42,4.14,2840,HEALTHY,2026-02-20 11:52:47
389,PUMP-001,1.72,0.77,0.95,1.75,42.2,8.02,4.15,2869,HEALTHY,2026-02-20 11:52:58
390,PUMP-001,1.53,0.7,0.92,1.57,42.9,8.16,4.22,2828,HEALTHY,2026-02-20 11:53:07
391,PUMP-001,0.92,0.75,0.9,1.64,42.9,8.14,4.14,2865,HEALTHY,2026-02-20 11:53:18
392,PUMP-001,1.13,0.87,1.03,1.91,42.5,8.21,2.13,2877,HEALTHY,2026-02-20 11:53:28
393,PUMP-001,1.07,0.91,1.09,1.98,42.6,8.39,4.15,2833,HEALTHY,2026-02-20 11:53:38
394,PUMP-001,0.93,0.81,1.02,1.8,43.3,8.41,4.16,2852,HEALTHY,2026-02-20 11:53:48
395,PUMP-001,1.84,0.93,0.95,1.91,41.6,8.41,4.16,2861,HEALTHY,2026-02-20 11:53:58
396,PUMP-001,1.59,0.82,1.01,1.91,42.8,8.12,4.17,2840,HEALTHY,2026-02-20 11:54:08
397,PUMP-001,1.34,0.84,0.94,1.68,42.5,8.33,4.17,2871,HEALTHY,2026-02-20 11:54:18
398,PUMP-001,1.08,0.77,0.9,1.8,42.7,8.34,4.13,2878,HEALTHY,2026-02-20 11:54:28
399,PUMP-001,1.32,0.81,0.94,1.73,42,8.08,4.14,2837,HEALTHY,2026-02-20 11:54:38
400,PUMP-001,0.9,0.73,1.06,1.77,41.2,8.16,4.2,2879,HEALTHY,2026-02-20 11:54:48
401,PUMP-001,1.02,0.67,0.9,1.58,41.5,11.77,4.19,2436,HEALTHY,2026-02-20 11:54:58
402,PUMP-001,1.51,0.72,1.05,1.64,42,8.44,4.15,2879,HEALTHY,2026-02-20 11:55:08
403,PUMP-001,1.13,0.88,0.96,1.8,41.6,8.34,4.18,2875,HEALTHY,2026-02-20 11:55:19
404,PUMP-001,0.97,0.91,1.05,1.83,43.1,8.19,4.15,2839,HEALTHY,2026-02-20 11:55:28
405,PUMP-001,0.66,0.84,1.07,1.79,42.5,8.4,4.19,2849,HEALTHY,2026-02-20 11:55:38
406,PUMP-001,0.77,0.76,1.02,1.8,42.7,8.18,4.22,2864,HEALTHY,2026-02-20 11:55:48
407,PUMP-001,1.69,0.84,0.92,1.87,43.2,8.36,4.15,2839,HEALTHY,2026-02-20 11:55:58
408,PUMP-001,0.73,0.93,1.04,1.73,43.4,8.32,4.22,2858,HEALTHY,2026-02-20 11:56:08
409,PUMP-001,0.99,0.76,1.05,1.67,42.1,8.3,4.16,2855,HEALTHY,2026-02-20 11:56:18
410,PUMP-001,0.95,0.91,0.92,1.84,42.7,8.35,4.22,2849,HEALTHY,2026-02-20 11:56:28
411,PUMP-001,1.1,0.84,0.97,1.79,42.7,8.33,4.14,2859,HEALTHY,2026-02-20 11:56:38
412,PUMP-001,1.66,0.73,0.91,1.66,41.5,8.29,4.16,2858,HEALTHY,2026-02-20 11:56:48
413,PUMP-001,1.08,0.94,0.9,1.74,42.9,8.37,4.16,2862,HEALTHY,2026-02-20 11:56:58
414,PUMP-001,0.88,0.71,0.99,1.78,41.7,8.07,4.15,2850,HEALTHY,2026-02-20 11:57:08
415,PUMP-001,1.3,0.85,1.04,1.9,57.7,8.3,4.18,2877,HEALTHY,2026-02-20 11:57:18
416,PUMP-001,0.99,0.82,0.98,1.68,57.6,8.24,-1.5,2859,HEALTHY,2026-02-20 11:57:28
417,PUMP-001,1.32,0.66,1.03,1.61,57.1,8.29,4.19,2826,HEALTHY,2026-02-20 11:57:38
418,PUMP-001,1.49,0.8,0.97,1.77,57.9,8.24,4.15,2823,HEALTHY,2026-02-20 11:57:48
419,PUMP-001,13.32,0.75,1.06,11.75,58,8.31,4.22,2827,FAILURE,2026-02-20 11:57:58
420,PUMP-001,1.1,0.83,1.07,1.86,57.6,8.16,4.17,2870,HEALTHY,2026-02-20 11:58:08
421,PUMP-001,12.81,0.89,0.94,11.8,56.7,8.18,4.21,2853,FAILURE,2026-02-20 11:58:18
422,PUMP-001,0.92,0.92,0.93,1.7,57.3,8.06,4.14,2869,HEALTHY,2026-02-20 11:58:28
423,PUMP-001,1.45,0.89,0.92,1.71,43.3,8.49,4.21,2828,HEALTHY,2026-02-20 11:58:39
424,PUMP-001,1.27,0.7,0.96,1.83,41.7,8.03,4.17,2845,HEALTHY,2026-02-20 11:58:48
425,PUMP-001,1.46,0.73,1.08,1.9,41.7,8.04,4.14,2848,HEALTHY,2026-02-20 11:58:58
426,PUMP-001,1.06,0.84,1.02,1.89,41.5,8.29,4.14,2820,HEALTHY,2026-02-20 11:59:09
427,PUMP-001,13.65,0.83,0.96,11.75,41.7,8.21,4.13,2826,FAILURE,2026-02-20 11:59:18
428,PUMP-001,0.66,0.92,0.98,1.68,42.6,8.16,4.22,2848,HEALTHY,2026-02-20 11:59:28
429,PUMP-001,0.76,0.71,0.92,1.61,42.9,8.17,5.04,2865,HEALTHY,2026-02-20 11:59:38
430,PUMP-001,1.07,0.78,0.99,1.81,43.2,8.2,4.13,2875,HEALTHY,2026-02-20 11:59:48
431,PUMP-001,13.4,0.83,1.08,11.83,42,8.15,4.13,2823,FAILURE,2026-02-20 11:59:59
432,PUMP-001,1.1,0.94,1.02,1.92,43.3,8.02,-1.25,2873,HEALTHY,2026-02-20 12:00:08
433,PUMP-001,1.57,0.77,0.95,1.78,41.7,8.1,4.21,2825,HEALTHY,2026-02-20 12:00:18
434,PUMP-001,13.39,0.87,1.05,11.87,42.8,8.08,4.16,2855,FAILURE,2026-02-20 12:00:29
435,PUMP-001,1.76,0.84,1.09,1.95,43.2,8.24,4.2,2878,HEALTHY,2026-02-20 12:00:38
436,PUMP-001,1.23,0.85,1.06,1.74,42.6,11.61,4.13,2441,HEALTHY,2026-02-20 12:00:50
437,PUMP-001,1.47,0.71,1.07,1.84,42.9,8.32,4.18,2845,HEALTHY,2026-02-20 12:00:59
438,PUMP-001,13.21,0.8,1.07,11.85,42.2,8.15,4.19,2873,FAILURE,2026-02-20 12:01:09
439,PUMP-001,1.53,0.7,1.05,1.67,41.8,8.44,4.18,2861,HEALTHY,2026-02-20 12:01:19
440,PUMP-001,1.57,0.86,0.9,1.67,42.1,8.24,4.16,2841,HEALTHY,2026-02-20 12:01:29
441,PUMP-001,1.02,0.92,0.97,1.69,41.9,8.38,4.2,2865,HEALTHY,2026-02-20 12:01:39
442,PUMP-001,1.45,0.82,1.08,1.72,43.1,8.26,4.22,2847,HEALTHY,2026-02-20 12:01:49
443,PUMP-001,0.69,0.76,1.01,1.74,42.3,8.09,4.17,2865,HEALTHY,2026-02-20 12:01:59
444,PUMP-001,1.41,0.75,0.91,1.66,41.9,8.52,4.16,2824,HEALTHY,2026-02-20 12:02:09
445,PUMP-001,1.55,0.71,0.96,1.62,43.2,8.54,4.18,2856,HEALTHY,2026-02-20 12:02:19
446,PUMP-001,1.46,0.84,0.96,1.66,43.1,8.28,4.17,2879,HEALTHY,2026-02-20 12:02:29
447,PUMP-001,0.66,0.89,0.95,1.72,41.3,8.46,4.14,2834,HEALTHY,2026-02-20 12:02:39
448,PUMP-001,1.08,0.7,1.01,1.61,42.8,8.32,4.2,2835,HEALTHY,2026-02-20 12:02:49
449,PUMP-001,1.41,0.65,0.97,1.59,42.1,8.43,4.14,2847,HEALTHY,2026-02-20 12:02:59
450,PUMP-001,13.34,0.83,1.06,11.69,41.9,8.22,4.14,2842,FAILURE,2026-02-20 12:03:09
451,PUMP-001,1.49,0.84,0.91,1.66,43.3,8.35,4.16,2850,HEALTHY,2026-02-20 12:03:19
452,PUMP-001,1.27,0.79,0.9,1.63,42.4,8.34,4.14,2836,HEALTHY,2026-02-20 12:03:29
453,PUMP-001,1.1,0.65,0.94,1.59,42.7,8.25,4.17,2855,HEALTHY,2026-02-20 12:03:39
454,PUMP-001,1.11,0.94,0.93,1.66,41.2,8.08,4.19,2866,HEALTHY,2026-02-20 12:03:49
455,PUMP-001,1.42,0.85,1.04,1.74,42.1,8.19,4.15,2875,HEALTHY,2026-02-20 12:03:59
456,PUMP-001,0.72,0.75,0.9,1.62,42.7,11.74,4.18,2478,HEALTHY,2026-02-20 12:04:09
457,PUMP-001,0.77,0.68,1.04,1.67,41.5,8.18,4.18,2823,HEALTHY,2026-02-20 12:04:19
458,PUMP-001,1.12,0.88,1.09,1.87,41.8,8.27,4.21,2855,HEALTHY,2026-02-20 12:04:29
459,PUMP-001,1.17,0.68,1.02,1.64,42.9,8.21,4.18,2826,HEALTHY,2026-02-20 12:04:39
460,PUMP-001,1.54,0.94,0.96,1.89,42.2,8.19,4.22,2869,HEALTHY,2026-02-20 12:04:49
461,PUMP-001,0.78,0.77,1.03,1.68,43.3,8.37,4.21,2820,HEALTHY,2026-02-20 12:04:59
462,PUMP-001,1.03,0.88,0.96,1.83,42.7,8.24,4.15,2874,HEALTHY,2026-02-20 12:05:09
463,PUMP-001,0.65,0.68,0.9,1.6,42.8,8.06,4.16,2855,HEALTHY,2026-02-20 12:05:19
464,PUMP-001,1.16,0.84,1.03,1.85,42.1,8.1,4.18,2822,HEALTHY,2026-02-20 12:05:29
